Sr. No,CompanyName,Address1,Address2,City,District,State,Pincode,Telephone,Email,Website,Scale,ProductServices
1,TechCorp1,754 Main St,Suite 8,Metroville,Metroville District,Gujarat,432098,07958682846,contact1@mail.com,https://www.techcorp1.com,Large,Software Solutions
2,TechCorp2,792 Main St,Suite 48,Southdale,Southdale District,Andhra Pradesh,477397,08812140441,contact2@example.com,https://www.techcorp2.com,Small,Software Solutions
3,TechCorp3,323 Main St,Suite 15,Southdale,Southdale District,Tamil Nadu,403478,09410529190,contact3@mail.com,https://www.techcorp3.com,Large,Automotive Components
4,TechCorp4,529 Main St,Suite 15,Northpoint,Northpoint District,Tamil Nadu,436463,07027911967,contact4@mail.com,https://www.techcorp4.com,Large,Pharmaceuticals
5,TechCorp5,448 Main St,Suite 18,Lakewood,Lakewood District,Maharashtra,444118,07438989805,contact5@example.com,https://www.techcorp5.com,Medium,Software Solutions
6,TechCorp6,467 Main St,Suite 23,Southdale,Southdale District,Gujarat,405695,08973214822,contact6@example.com,https://www.techcorp6.com,Medium,Software Solutions
7,TechCorp7,665 Main St,Suite 19,Southdale,Southdale District,Gujarat,475674,07825873196,contact7@example.com,https://www.techcorp7.com,Small,Textile Manufacturing
8,TechCorp8,891 Main St,Suite 19,Metroville,Metroville District,Maharashtra,413238,08632629719,contact8@business.org,https://www.techcorp8.com,Medium,Food Processing
9,TechCorp9,266 Main St,Suite 24,Brookdale,Brookdale District,Maharashtra,487841,08146660997,contact9@example.com,https://www.techcorp9.com,Large,Textile Manufacturing
10,TechCorp10,646 Main St,Suite 47,Lakewood,Lakewood District,Maharashtra,460589,08629748727,contact10@business.org,https://www.techcorp10.com,Large,Automotive Components
11,TechCorp11,324 Main St,Suite 44,Brookdale,Brookdale District,Andhra Pradesh,430021,07137869475,contact11@business.org,https://www.techcorp11.com,Medium,Food Processing
12,TechCorp12,167 Main St,Suite 14,Southdale,Southdale District,Gujarat,427869,09815087637,contact12@startup.io,https://www.techcorp12.com,Medium,Pharmaceuticals
13,TechCorp13,246 Main St,Suite 17,Lakewood,Lakewood District,Maharashtra,497647,09411057787,contact13@business.org,https://www.techcorp13.com,Large,Automotive Components
14,TechCorp14,538 Main St,Suite 38,Northpoint,Northpoint District,Gujarat,428746,07594130308,contact14@startup.io,https://www.techcorp14.com,Small,Software Solutions
15,TechCorp15,981 Main St,Suite 8,Lakewood,Lakewood District,Maharashtra,489192,08813163240,contact15@example.com,https://www.techcorp15.com,Medium,Pharmaceuticals
16,TechCorp16,710 Main St,Suite 30,Southdale,Southdale District,Gujarat,472512,07049310608,contact16@example.com,https://www.techcorp16.com,Large,Automotive Components
17,TechCorp17,868 Main St,Suite 18,Brookdale,Brookdale District,Andhra Pradesh,438469,08867302554,contact17@mail.com,https://www.techcorp17.com,Medium,Software Solutions
18,TechCorp18,839 Main St,Suite 47,Brookdale,Brookdale District,Tamil Nadu,499871,07767303988,contact18@example.com,https://www.techcorp18.com,Large,Food Processing
19,TechCorp19,961 Main St,Suite 41,Southdale,Southdale District,Tamil Nadu,426071,07656439677,contact19@business.org,https://www.techcorp19.com,Small,Automotive Components
20,TechCorp20,897 Main St,Suite 34,Metroville,Metroville District,Tamil Nadu,442487,09098545541,contact20@example.com,https://www.techcorp20.com,Small,Food Processing
21,TechCorp21,999 Main St,Suite 20,Lakewood,Lakewood District,Andhra Pradesh,431571,09436779490,contact21@example.com,https://www.techcorp21.com,Small,Pharmaceuticals
22,TechCorp22,935 Main St,Suite 5,Southdale,Southdale District,Maharashtra,416828,09833608204,contact22@startup.io,https://www.techcorp22.com,Large,Textile Manufacturing
23,TechCorp23,371 Main St,Suite 34,Southdale,Southdale District,Karnataka,427760,09316259067,contact23@mail.com,https://www.techcorp23.com,Large,Food Processing
24,TechCorp24,508 Main St,Suite 43,Brookdale,Brookdale District,Karnataka,467839,08939118223,contact24@example.com,https://www.techcorp24.com,Small,Textile Manufacturing
25,TechCorp25,165 Main St,Suite 22,Metroville,Metroville District,Tamil Nadu,472603,07988335251,contact25@mail.com,https://www.techcorp25.com,Small,Software Solutions
26,TechCorp26,824 Main St,Suite 41,Metroville,Metroville District,Maharashtra,408834,07134917627,contact26@business.org,https://www.techcorp26.com,Small,Automotive Components
27,TechCorp27,343 Main St,Suite 18,Northpoint,Northpoint District,Maharashtra,470678,07568275055,contact27@startup.io,https://www.techcorp27.com,Small,Pharmaceuticals
28,TechCorp28,926 Main St,Suite 27,Lakewood,Lakewood District,Andhra Pradesh,412704,09830309370,contact28@startup.io,https://www.techcorp28.com,Medium,Pharmaceuticals
29,TechCorp29,520 Main St,Suite 30,Metroville,Metroville District,Andhra Pradesh,407944,08729245242,contact29@business.org,https://www.techcorp29.com,Small,Textile Manufacturing
30,TechCorp30,296 Main St,Suite 13,Southdale,Southdale District,Karnataka,418373,08811967841,contact30@mail.com,https://www.techcorp30.com,Medium,Pharmaceuticals
31,TechCorp31,355 Main St,Suite 5,Northpoint,Northpoint District,Tamil Nadu,412833,07217275224,contact31@example.com,https://www.techcorp31.com,Small,Textile Manufacturing
32,TechCorp32,270 Main St,Suite 27,Northpoint,Northpoint District,Karnataka,428016,08722454917,contact32@example.com,https://www.techcorp32.com,Small,Pharmaceuticals
33,TechCorp33,102 Main St,Suite 25,Brookdale,Brookdale District,Karnataka,437388,08816803306,contact33@startup.io,https://www.techcorp33.com,Small,Textile Manufacturing
34,TechCorp34,403 Main St,Suite 14,Metroville,Metroville District,Tamil Nadu,496434,09328710672,contact34@example.com,https://www.techcorp34.com,Large,Food Processing
35,TechCorp35,158 Main St,Suite 4,Southdale,Southdale District,Karnataka,465909,09281169403,contact35@mail.com,https://www.techcorp35.com,Small,Automotive Components
36,TechCorp36,182 Main St,Suite 12,Metroville,Metroville District,Tamil Nadu,408907,09900015820,contact36@mail.com,https://www.techcorp36.com,Medium,Software Solutions
37,TechCorp37,683 Main St,Suite 16,Southdale,Southdale District,Tamil Nadu,405209,09660223333,contact37@example.com,https://www.techcorp37.com,Medium,Automotive Components
38,TechCorp38,678 Main St,Suite 34,Brookdale,Brookdale District,Gujarat,426772,09876451163,contact38@business.org,https://www.techcorp38.com,Small,Food Processing
39,TechCorp39,505 Main St,Suite 9,Brookdale,Brookdale District,Karnataka,441441,07311570307,contact39@example.com,https://www.techcorp39.com,Medium,Automotive Components
40,TechCorp40,676 Main St,Suite 7,Metroville,Metroville District,Tamil Nadu,427938,09172758220,contact40@business.org,https://www.techcorp40.com,Small,Food Processing
41,TechCorp41,170 Main St,Suite 16,Brookdale,Brookdale District,Gujarat,420676,08881988384,contact41@business.org,https://www.techcorp41.com,Large,Automotive Components
42,TechCorp42,108 Main St,Suite 43,Southdale,Southdale District,Gujarat,486951,07444900634,contact42@mail.com,https://www.techcorp42.com,Medium,Software Solutions
43,TechCorp43,209 Main St,Suite 48,Southdale,Southdale District,Maharashtra,435697,08210133979,contact43@mail.com,https://www.techcorp43.com,Large,Food Processing
44,TechCorp44,308 Main St,Suite 44,Brookdale,Brookdale District,Tamil Nadu,464032,08078557553,contact44@example.com,https://www.techcorp44.com,Small,Pharmaceuticals
45,TechCorp45,949 Main St,Suite 18,Metroville,Metroville District,Andhra Pradesh,443719,07561866144,contact45@business.org,https://www.techcorp45.com,Small,Pharmaceuticals
46,TechCorp46,664 Main St,Suite 46,Northpoint,Northpoint District,Tamil Nadu,401267,07480494664,contact46@example.com,https://www.techcorp46.com,Large,Textile Manufacturing
47,TechCorp47,658 Main St,Suite 3,Brookdale,Brookdale District,Tamil Nadu,472420,07636057975,contact47@startup.io,https://www.techcorp47.com,Small,Software Solutions
48,TechCorp48,415 Main St,Suite 24,Metroville,Metroville District,Gujarat,427535,09929454134,contact48@mail.com,https://www.techcorp48.com,Large,Software Solutions
49,TechCorp49,462 Main St,Suite 50,Southdale,Southdale District,Karnataka,481351,07663801533,contact49@mail.com,https://www.techcorp49.com,Small,Textile Manufacturing
50,TechCorp50,522 Main St,Suite 2,Lakewood,Lakewood District,Gujarat,453964,09877229210,contact50@mail.com,https://www.techcorp50.com,Medium,Textile Manufacturing
51,TechCorp51,906 Main St,Suite 45,Metroville,Metroville District,Karnataka,405075,09021598245,contact51@mail.com,https://www.techcorp51.com,Small,Pharmaceuticals
52,TechCorp52,458 Main St,Suite 20,Lakewood,Lakewood District,Maharashtra,403101,09834820954,contact52@mail.com,https://www.techcorp52.com,Medium,Food Processing
53,TechCorp53,385 Main St,Suite 5,Brookdale,Brookdale District,Gujarat,484080,09187880715,contact53@startup.io,https://www.techcorp53.com,Large,Automotive Components
54,TechCorp54,439 Main St,Suite 2,Metroville,Metroville District,Gujarat,423405,09493613917,contact54@business.org,https://www.techcorp54.com,Small,Software Solutions
55,TechCorp55,710 Main St,Suite 28,Brookdale,Brookdale District,Gujarat,457199,09603647189,contact55@example.com,https://www.techcorp55.com,Medium,Automotive Components
56,TechCorp56,294 Main St,Suite 17,Metroville,Metroville District,Karnataka,400221,09233040884,contact56@mail.com,https://www.techcorp56.com,Medium,Pharmaceuticals
57,TechCorp57,171 Main St,Suite 43,Brookdale,Brookdale District,Tamil Nadu,441145,09849227494,contact57@example.com,https://www.techcorp57.com,Large,Food Processing
58,TechCorp58,619 Main St,Suite 20,Northpoint,Northpoint District,Gujarat,452743,09994487334,contact58@business.org,https://www.techcorp58.com,Large,Textile Manufacturing
59,TechCorp59,296 Main St,Suite 27,Northpoint,Northpoint District,Maharashtra,480676,09444288473,contact59@business.org,https://www.techcorp59.com,Medium,Automotive Components
60,TechCorp60,953 Main St,Suite 1,Brookdale,Brookdale District,Gujarat,427549,08846355528,contact60@business.org,https://www.techcorp60.com,Medium,Pharmaceuticals
61,TechCorp61,552 Main St,Suite 44,Lakewood,Lakewood District,Tamil Nadu,462021,07728818981,contact61@example.com,https://www.techcorp61.com,Medium,Automotive Components
62,TechCorp62,779 Main St,Suite 41,Southdale,Southdale District,Gujarat,412240,08008752943,contact62@business.org,https://www.techcorp62.com,Small,Textile Manufacturing
63,TechCorp63,250 Main St,Suite 2,Metroville,Metroville District,Maharashtra,462277,09625401719,contact63@example.com,https://www.techcorp63.com,Medium,Pharmaceuticals
64,TechCorp64,744 Main St,Suite 37,Lakewood,Lakewood District,Karnataka,464799,08716495971,contact64@mail.com,https://www.techcorp64.com,Small,Software Solutions
65,TechCorp65,868 Main St,Suite 50,Metroville,Metroville District,Karnataka,428683,07755427535,contact65@startup.io,https://www.techcorp65.com,Small,Automotive Components
66,TechCorp66,355 Main St,Suite 8,Northpoint,Northpoint District,Maharashtra,460901,09867224513,contact66@business.org,https://www.techcorp66.com,Medium,Automotive Components
67,TechCorp67,934 Main St,Suite 47,Southdale,Southdale District,Karnataka,471810,08915184358,contact67@mail.com,https://www.techcorp67.com,Large,Pharmaceuticals
68,TechCorp68,560 Main St,Suite 17,Lakewood,Lakewood District,Gujarat,468327,09081328344,contact68@mail.com,https://www.techcorp68.com,Medium,Pharmaceuticals
69,TechCorp69,179 Main St,Suite 46,Brookdale,Brookdale District,Maharashtra,435614,08442454200,contact69@business.org,https://www.techcorp69.com,Large,Software Solutions
70,TechCorp70,241 Main St,Suite 10,Lakewood,Lakewood District,Karnataka,490957,07656293602,contact70@mail.com,https://www.techcorp70.com,Small,Pharmaceuticals
71,TechCorp71,517 Main St,Suite 22,Southdale,Southdale District,Karnataka,454496,07267429212,contact71@mail.com,https://www.techcorp71.com,Medium,Pharmaceuticals
72,TechCorp72,888 Main St,Suite 38,Metroville,Metroville District,Tamil Nadu,449857,09048612358,contact72@example.com,https://www.techcorp72.com,Medium,Food Processing
73,TechCorp73,871 Main St,Suite 25,Northpoint,Northpoint District,Tamil Nadu,497978,09345620385,contact73@mail.com,https://www.techcorp73.com,Medium,Textile Manufacturing
74,TechCorp74,379 Main St,Suite 28,Northpoint,Northpoint District,Andhra Pradesh,450968,08443665390,contact74@startup.io,https://www.techcorp74.com,Large,Textile Manufacturing
75,TechCorp75,960 Main St,Suite 30,Lakewood,Lakewood District,Tamil Nadu,470008,07115820025,contact75@startup.io,https://www.techcorp75.com,Large,Automotive Components
76,TechCorp76,778 Main St,Suite 2,Metroville,Metroville District,Karnataka,417786,08982979741,contact76@mail.com,https://www.techcorp76.com,Small,Food Processing
77,TechCorp77,488 Main St,Suite 21,Lakewood,Lakewood District,Karnataka,442840,08449553823,contact77@startup.io,https://www.techcorp77.com,Medium,Pharmaceuticals
78,TechCorp78,358 Main St,Suite 6,Northpoint,Northpoint District,Andhra Pradesh,498176,09316787198,contact78@example.com,https://www.techcorp78.com,Medium,Textile Manufacturing
79,TechCorp79,765 Main St,Suite 5,Metroville,Metroville District,Andhra Pradesh,432411,07856247605,contact79@example.com,https://www.techcorp79.com,Large,Textile Manufacturing
80,TechCorp80,344 Main St,Suite 9,Northpoint,Northpoint District,Andhra Pradesh,473920,07936150587,contact80@startup.io,https://www.techcorp80.com,Large,Food Processing
81,TechCorp81,885 Main St,Suite 24,Lakewood,Lakewood District,Tamil Nadu,479593,07491914923,contact81@mail.com,https://www.techcorp81.com,Medium,Software Solutions
82,TechCorp82,692 Main St,Suite 2,Brookdale,Brookdale District,Tamil Nadu,488781,08611931113,contact82@startup.io,https://www.techcorp82.com,Large,Textile Manufacturing
83,TechCorp83,177 Main St,Suite 38,Lakewood,Lakewood District,Andhra Pradesh,491382,08295287749,contact83@example.com,https://www.techcorp83.com,Large,Software Solutions
84,TechCorp84,455 Main St,Suite 35,Northpoint,Northpoint District,Gujarat,409038,09173085046,contact84@business.org,https://www.techcorp84.com,Small,Pharmaceuticals
85,TechCorp85,942 Main St,Suite 32,Metroville,Metroville District,Karnataka,447472,09729817240,contact85@startup.io,https://www.techcorp85.com,Large,Textile Manufacturing
86,TechCorp86,545 Main St,Suite 12,Southdale,Southdale District,Gujarat,480728,09311435034,contact86@startup.io,https://www.techcorp86.com,Medium,Pharmaceuticals
87,TechCorp87,945 Main St,Suite 47,Southdale,Southdale District,Gujarat,442245,08054393708,contact87@example.com,https://www.techcorp87.com,Medium,Pharmaceuticals
88,TechCorp88,349 Main St,Suite 49,Northpoint,Northpoint District,Tamil Nadu,479997,09869847630,contact88@startup.io,https://www.techcorp88.com,Medium,Software Solutions
89,TechCorp89,606 Main St,Suite 21,Lakewood,Lakewood District,Karnataka,427802,08523961606,contact89@business.org,https://www.techcorp89.com,Medium,Food Processing
90,TechCorp90,710 Main St,Suite 45,Brookdale,Brookdale District,Tamil Nadu,401330,09218897149,contact90@mail.com,https://www.techcorp90.com,Small,Textile Manufacturing
91,TechCorp91,837 Main St,Suite 27,Northpoint,Northpoint District,Tamil Nadu,499374,08032183433,contact91@startup.io,https://www.techcorp91.com,Large,Pharmaceuticals
92,TechCorp92,558 Main St,Suite 2,Metroville,Metroville District,Gujarat,429045,08736889606,contact92@mail.com,https://www.techcorp92.com,Medium,Automotive Components
93,TechCorp93,477 Main St,Suite 31,Southdale,Southdale District,Tamil Nadu,445056,08827524957,contact93@business.org,https://www.techcorp93.com,Medium,Pharmaceuticals
94,TechCorp94,377 Main St,Suite 20,Brookdale,Brookdale District,Maharashtra,415814,07827143233,contact94@business.org,https://www.techcorp94.com,Small,Automotive Components
95,TechCorp95,880 Main St,Suite 45,Lakewood,Lakewood District,Maharashtra,428361,09079617090,contact95@business.org,https://www.techcorp95.com,Large,Automotive Components
96,TechCorp96,878 Main St,Suite 34,Southdale,Southdale District,Gujarat,413176,07833728665,contact96@business.org,https://www.techcorp96.com,Small,Food Processing
97,TechCorp97,283 Main St,Suite 20,Metroville,Metroville District,Tamil Nadu,416591,08178158203,contact97@example.com,https://www.techcorp97.com,Small,Automotive Components
98,TechCorp98,399 Main St,Suite 45,Lakewood,Lakewood District,Karnataka,413446,07052679490,contact98@business.org,https://www.techcorp98.com,Medium,Pharmaceuticals
99,TechCorp99,551 Main St,Suite 22,Lakewood,Lakewood District,Andhra Pradesh,433092,09051831252,contact99@example.com,https://www.techcorp99.com,Small,Pharmaceuticals
100,TechCorp100,603 Main St,Suite 5,Southdale,Southdale District,Andhra Pradesh,419887,07640798731,contact100@business.org,https://www.techcorp100.com,Small,Textile Manufacturing
